,instancia,diversificator,improveMethod1,improveMethod2,RefSetMethod,combinationMethod,subsetGenerationMethod,diver_size,b_size,d_size,total_cost,optimal_deviation_pct,avg_total_time,avg_improve_method_time,avg_scatter_loops,avg_improve_method_calls,found_tour,first_refSet_update_history,avg_diversification_improve_time,avg_diver_best_cost,n_runs
0,gr666.tsp,TSPLehmerDiversificator,LKHImprove_Simple(2-opt),LKHImprove_Simple(2-opt),RefSetFixedDiversity,NaiveTSPCombination,SimpleSubsetGenerator,100,5,5,329876,12.066259452775192,23.049156382600085,16.398489532801612,1.0,154.0,"(0, 309, 307, 308, 17, 234, 140, 139, 166, 167, 168, 169, 138, 132, 131, 130, 129, 133, 134, 135, 83, 84, 85, 136, 137, 102, 103, 117, 125, 126, 127, 128, 124, 123, 122, 121, 120, 119, 118, 113, 112, 111, 110, 109, 108, 107, 106, 105, 115, 114, 116, 104, 101, 100, 99, 98, 97, 96, 94, 95, 93, 91, 90, 89, 71, 70, 69, 68, 67, 66, 65, 64, 63, 62, 60, 59, 58, 61, 57, 56, 55, 54, 53, 52, 28, 27, 25, 23, 22, 21, 20, 18, 5, 4, 3, 2, 1, 478, 479, 480, 477, 476, 474, 475, 616, 615, 617, 613, 622, 621, 620, 618, 619, 481, 483, 482, 484, 623, 624, 625, 626, 627, 629, 630, 485, 628, 631, 632, 633, 634, 600, 599, 598, 568, 607, 608, 611, 610, 609, 612, 614, 603, 602, 604, 605, 606, 566, 565, 564, 563, 562, 561, 560, 601, 559, 545, 546, 549, 552, 555, 558, 557, 556, 554, 553, 550, 551, 548, 544, 543, 539, 540, 542, 541, 547, 538, 537, 536, 535, 534, 533, 532, 531, 530, 529, 528, 527, 471, 472, 470, 469, 473, 468, 462, 461, 450, 449, 448, 447, 451, 452, 453, 455, 456, 457, 460, 520, 521, 524, 525, 526, 509, 510, 511, 512, 508, 233, 231, 232, 230, 229, 214, 213, 212, 211, 215, 225, 223, 222, 221, 224, 226, 227, 228, 220, 218, 219, 210, 209, 208, 196, 197, 198, 199, 200, 201, 204, 205, 203, 202, 164, 165, 507, 163, 506, 505, 504, 503, 159, 160, 161, 162, 366, 365, 364, 357, 356, 272, 363, 362, 361, 360, 261, 270, 271, 351, 273, 269, 268, 276, 277, 275, 274, 336, 279, 278, 280, 282, 281, 293, 294, 292, 291, 290, 289, 286, 267, 285, 288, 287, 284, 263, 264, 265, 266, 259, 253, 254, 245, 243, 250, 242, 240, 239, 241, 246, 247, 248, 249, 236, 235, 237, 238, 145, 142, 141, 143, 144, 146, 147, 149, 251, 244, 252, 260, 262, 255, 256, 257, 370, 371, 375, 258, 380, 378, 377, 376, 372, 373, 374, 418, 417, 419, 369, 367, 368, 403, 402, 404, 408, 406, 407, 405, 398, 397, 396, 392, 391, 393, 394, 399, 444, 411, 410, 409, 422, 421, 423, 420, 382, 381, 383, 384, 430, 425, 424, 426, 427, 429, 428, 416, 415, 413, 414, 412, 445, 446, 454, 488, 486, 487, 435, 497, 496, 495, 494, 493, 489, 490, 492, 491, 458, 459, 519, 518, 517, 516, 522, 515, 523, 514, 513, 158, 502, 498, 499, 500, 501, 156, 157, 154, 155, 431, 432, 433, 434, 153, 388, 386, 385, 387, 379, 150, 151, 152, 148, 170, 171, 172, 173, 174, 175, 176, 177, 178, 179, 180, 181, 182, 183, 184, 185, 186, 187, 189, 188, 192, 190, 191, 195, 193, 194, 206, 207, 216, 217, 665, 648, 649, 650, 651, 644, 643, 642, 641, 640, 647, 639, 585, 590, 584, 583, 582, 581, 580, 579, 578, 576, 575, 577, 574, 573, 567, 569, 570, 572, 571, 587, 586, 589, 588, 597, 596, 595, 594, 591, 592, 593, 636, 635, 658, 657, 656, 637, 638, 646, 645, 655, 654, 652, 653, 660, 659, 661, 662, 663, 664, 92, 35, 40, 39, 34, 33, 26, 24, 19, 7, 6, 9, 8, 11, 10, 29, 30, 31, 32, 38, 37, 36, 41, 12, 13, 14, 15, 16, 45, 46, 47, 48, 42, 43, 44, 49, 50, 72, 73, 51, 74, 75, 88, 87, 82, 86, 81, 80, 79, 78, 77, 76, 302, 303, 304, 305, 306, 297, 296, 295, 298, 299, 301, 300, 317, 318, 319, 316, 314, 323, 324, 322, 320, 321, 327, 325, 326, 331, 330, 329, 328, 283, 332, 344, 340, 342, 343, 341, 339, 338, 337, 352, 353, 354, 355, 359, 358, 400, 401, 350, 349, 348, 347, 346, 345, 333, 334, 335, 389, 390, 441, 395, 443, 442, 440, 439, 438, 315, 313, 312, 311, 310, 436, 437, 463, 465, 466, 467, 464)",{1: [0]},11.759237389200099,385621.0,5
1,gr666.tsp,TSPLehmerDiversificator,LKHImprove_Simple(2-opt),LKHImprove_Simple(2-opt),RefSetFixedDiversity,ConvexTSPCombination,SimpleSubsetGenerator,100,5,5,371902,26.343432147249267,22.134101134599952,18.659881828604192,1.0,180.0,"(0, 309, 308, 307, 301, 300, 317, 318, 335, 331, 330, 329, 328, 327, 326, 325, 324, 323, 322, 321, 320, 319, 316, 311, 310, 312, 315, 313, 314, 216, 217, 665, 108, 109, 107, 110, 111, 112, 113, 114, 115, 105, 106, 664, 663, 661, 662, 660, 659, 658, 657, 656, 655, 654, 653, 652, 651, 650, 649, 648, 644, 643, 640, 584, 583, 582, 581, 580, 579, 578, 576, 575, 577, 574, 573, 572, 571, 570, 569, 568, 566, 567, 565, 564, 563, 562, 546, 561, 612, 615, 614, 617, 613, 616, 618, 620, 621, 622, 623, 624, 625, 626, 627, 628, 629, 630, 631, 632, 633, 634, 635, 636, 637, 638, 646, 645, 642, 641, 647, 639, 585, 586, 587, 588, 589, 590, 591, 592, 593, 594, 595, 596, 597, 598, 599, 600, 611, 610, 609, 608, 607, 606, 605, 604, 603, 602, 601, 560, 559, 545, 544, 549, 552, 555, 556, 558, 557, 554, 553, 550, 551, 548, 547, 537, 538, 509, 510, 511, 512, 513, 514, 515, 516, 517, 518, 519, 520, 521, 522, 523, 524, 525, 526, 527, 534, 535, 536, 533, 543, 542, 541, 540, 539, 532, 531, 530, 529, 528, 491, 492, 494, 495, 496, 497, 499, 498, 500, 501, 502, 503, 504, 158, 157, 156, 155, 154, 153, 152, 148, 170, 171, 172, 175, 174, 173, 169, 168, 167, 166, 138, 131, 130, 132, 133, 134, 135, 83, 84, 85, 86, 82, 74, 75, 76, 77, 78, 79, 80, 81, 136, 137, 126, 125, 127, 128, 129, 124, 123, 122, 121, 120, 119, 118, 117, 116, 104, 103, 102, 101, 100, 99, 98, 97, 96, 95, 94, 93, 92, 91, 90, 89, 87, 88, 71, 60, 59, 58, 57, 56, 55, 54, 52, 53, 61, 62, 63, 66, 65, 67, 69, 70, 68, 64, 72, 73, 51, 50, 49, 44, 39, 32, 38, 43, 37, 36, 41, 45, 16, 17, 15, 14, 12, 42, 13, 46, 47, 48, 40, 35, 34, 33, 28, 27, 25, 23, 22, 21, 20, 18, 19, 24, 26, 31, 30, 29, 10, 11, 9, 8, 7, 6, 5, 4, 3, 2, 1, 478, 479, 480, 481, 482, 483, 484, 485, 619, 437, 438, 439, 440, 441, 390, 391, 392, 365, 366, 358, 359, 367, 368, 369, 373, 371, 372, 375, 374, 378, 376, 377, 380, 381, 387, 383, 382, 384, 385, 386, 388, 151, 150, 149, 379, 258, 257, 256, 370, 360, 361, 362, 363, 364, 357, 354, 353, 351, 356, 352, 389, 350, 349, 348, 355, 346, 345, 344, 343, 342, 341, 332, 347, 334, 333, 340, 339, 338, 337, 336, 267, 263, 264, 265, 266, 268, 269, 270, 271, 272, 273, 274, 275, 276, 277, 278, 279, 280, 281, 282, 283, 284, 302, 303, 304, 305, 306, 296, 297, 298, 299, 295, 294, 293, 292, 291, 290, 289, 288, 287, 286, 285, 254, 255, 262, 261, 260, 259, 253, 252, 244, 243, 242, 241, 240, 239, 238, 147, 146, 250, 251, 245, 246, 247, 248, 249, 236, 235, 237, 145, 143, 142, 234, 140, 139, 141, 144, 187, 189, 190, 191, 195, 194, 193, 206, 192, 188, 186, 180, 179, 178, 177, 176, 181, 182, 183, 184, 185, 197, 198, 199, 200, 201, 203, 204, 205, 213, 212, 211, 210, 209, 208, 196, 207, 219, 218, 220, 228, 227, 226, 225, 224, 221, 223, 222, 215, 214, 229, 230, 232, 231, 233, 202, 164, 165, 507, 508, 505, 506, 163, 159, 160, 161, 162, 435, 493, 489, 490, 488, 486, 487, 434, 433, 432, 431, 430, 429, 428, 427, 426, 425, 424, 423, 422, 421, 420, 419, 418, 417, 416, 415, 414, 413, 412, 411, 410, 409, 408, 407, 406, 405, 404, 403, 402, 401, 400, 396, 397, 398, 399, 395, 394, 393, 442, 443, 444, 445, 446, 447, 448, 449, 450, 451, 452, 453, 454, 455, 456, 457, 458, 459, 460, 461, 462, 463, 464, 477, 476, 474, 475, 473, 472, 471, 470, 469, 468, 467, 466, 465, 436)","{1: [0, 1, 2, 3, 4]}",11.807200547600042,385621.0,5
2,gr666.tsp,TSPLehmerDiversificator,LKHImprove_Simple(2-opt),LKHImprove_Complex(5-opt_A50),RefSetFixedDiversity,NaiveTSPCombination,SimpleSubsetGenerator,100,5,5,294778,0.14268339912623404,72.80140579260024,60.70869109340292,6.0,264.0,"(0, 309, 308, 307, 301, 300, 318, 317, 316, 319, 320, 322, 324, 323, 314, 313, 312, 311, 310, 436, 437, 438, 315, 439, 440, 441, 390, 391, 392, 396, 393, 398, 397, 402, 403, 368, 404, 406, 408, 409, 410, 422, 421, 420, 423, 384, 383, 382, 381, 380, 378, 377, 376, 372, 373, 374, 418, 417, 419, 369, 367, 366, 359, 365, 364, 363, 362, 361, 360, 370, 371, 375, 258, 257, 256, 255, 262, 260, 261, 270, 271, 273, 351, 272, 356, 357, 353, 352, 354, 355, 358, 400, 401, 350, 349, 348, 347, 346, 345, 333, 334, 335, 389, 331, 321, 327, 325, 326, 330, 329, 328, 283, 332, 344, 343, 342, 341, 340, 339, 338, 337, 336, 274, 279, 282, 281, 280, 278, 275, 277, 276, 269, 268, 267, 286, 289, 285, 288, 287, 290, 291, 292, 293, 294, 295, 299, 298, 296, 297, 306, 305, 304, 303, 302, 284, 263, 264, 265, 266, 259, 253, 254, 252, 244, 251, 250, 242, 243, 245, 248, 246, 247, 249, 236, 235, 237, 241, 240, 239, 238, 145, 143, 142, 141, 144, 146, 147, 149, 379, 150, 387, 385, 386, 388, 151, 152, 153, 434, 487, 433, 432, 430, 425, 424, 431, 426, 427, 415, 414, 413, 411, 407, 405, 444, 399, 394, 395, 442, 443, 445, 412, 446, 454, 416, 428, 429, 486, 488, 490, 489, 493, 494, 495, 496, 497, 435, 499, 498, 501, 500, 155, 154, 157, 156, 158, 160, 161, 162, 185, 184, 183, 148, 182, 181, 170, 171, 172, 175, 174, 173, 169, 168, 167, 138, 166, 139, 140, 234, 17, 16, 15, 14, 13, 45, 46, 47, 48, 42, 12, 41, 36, 37, 43, 44, 49, 50, 72, 73, 51, 74, 75, 76, 77, 78, 79, 80, 81, 86, 82, 87, 88, 89, 90, 91, 71, 70, 69, 68, 67, 66, 65, 64, 63, 62, 60, 59, 58, 61, 57, 56, 55, 54, 53, 52, 28, 27, 25, 23, 22, 21, 20, 24, 26, 33, 34, 35, 40, 39, 38, 32, 31, 30, 29, 10, 11, 8, 9, 6, 7, 19, 18, 5, 4, 3, 2, 1, 478, 479, 480, 477, 476, 475, 474, 467, 466, 465, 468, 473, 469, 470, 471, 472, 530, 531, 534, 533, 532, 539, 540, 542, 541, 547, 550, 553, 554, 556, 557, 558, 555, 551, 548, 552, 549, 546, 545, 544, 543, 559, 601, 560, 561, 562, 563, 564, 565, 566, 567, 573, 572, 571, 570, 569, 568, 606, 605, 604, 602, 603, 612, 614, 616, 615, 613, 617, 618, 620, 621, 485, 619, 481, 483, 482, 484, 623, 624, 625, 626, 628, 627, 629, 630, 631, 622, 632, 633, 634, 611, 610, 609, 607, 598, 608, 600, 599, 597, 596, 595, 594, 591, 589, 588, 587, 576, 575, 574, 577, 578, 579, 580, 581, 582, 583, 584, 586, 590, 585, 639, 592, 593, 636, 635, 658, 657, 656, 637, 638, 646, 647, 640, 641, 645, 644, 642, 643, 648, 649, 650, 651, 655, 654, 652, 653, 659, 660, 662, 661, 663, 664, 92, 95, 94, 93, 96, 97, 98, 99, 100, 101, 102, 103, 104, 116, 117, 125, 126, 137, 136, 85, 84, 83, 135, 134, 133, 132, 131, 130, 129, 128, 127, 124, 123, 122, 121, 120, 119, 118, 111, 112, 113, 114, 115, 105, 106, 109, 110, 108, 107, 665, 217, 216, 176, 177, 178, 179, 180, 186, 187, 189, 188, 192, 190, 191, 195, 193, 194, 206, 207, 219, 218, 220, 228, 227, 226, 224, 225, 215, 222, 223, 221, 211, 212, 210, 209, 208, 196, 197, 198, 199, 200, 201, 203, 204, 205, 213, 214, 229, 230, 232, 231, 233, 202, 164, 165, 507, 508, 505, 506, 163, 159, 503, 504, 502, 513, 512, 511, 510, 509, 538, 537, 536, 535, 529, 528, 527, 526, 525, 514, 515, 523, 524, 521, 520, 460, 519, 522, 516, 517, 518, 492, 491, 459, 458, 457, 456, 455, 453, 452, 451, 447, 448, 449, 450, 461, 462, 463, 464)","{1: [0, 1, 2, 3, 4], 2: [0, 1, 4], 3: [0, 1], 4: [1, 3], 5: [0, 3], 6: [2]}",11.808436388399969,385621.0,5
3,gr666.tsp,TSPLehmerDiversificator,LKHImprove_Simple(2-opt),LKHImprove_Complex(5-opt_A50),RefSetFixedDiversity,ConvexTSPCombination,SimpleSubsetGenerator,100,5,5,295402,0.35467016354235315,38.701204283800145,34.93215229520138,1.0,180.0,"(0, 309, 308, 307, 301, 300, 318, 317, 316, 319, 320, 322, 324, 323, 314, 313, 312, 311, 310, 436, 437, 438, 315, 439, 440, 442, 443, 395, 441, 390, 391, 392, 396, 393, 394, 399, 444, 405, 398, 397, 402, 403, 404, 368, 369, 419, 417, 418, 374, 373, 372, 376, 377, 378, 380, 258, 375, 371, 370, 257, 256, 255, 262, 260, 261, 360, 361, 362, 364, 363, 270, 271, 273, 351, 272, 356, 357, 353, 352, 354, 355, 358, 359, 365, 366, 367, 400, 401, 350, 349, 348, 347, 346, 345, 333, 334, 335, 389, 331, 321, 327, 325, 326, 330, 329, 328, 283, 332, 344, 343, 342, 341, 340, 339, 338, 337, 336, 274, 279, 282, 281, 280, 278, 275, 277, 276, 269, 268, 267, 286, 289, 285, 288, 287, 290, 291, 292, 293, 294, 295, 299, 298, 296, 297, 306, 305, 304, 303, 302, 284, 263, 264, 265, 266, 259, 253, 254, 252, 244, 251, 250, 242, 243, 245, 248, 246, 247, 249, 236, 235, 237, 241, 240, 239, 238, 145, 143, 142, 141, 144, 146, 147, 149, 379, 150, 151, 152, 388, 386, 385, 387, 381, 382, 383, 384, 423, 420, 421, 422, 410, 409, 408, 406, 407, 411, 413, 414, 415, 427, 426, 431, 424, 425, 430, 432, 433, 487, 434, 153, 154, 157, 156, 155, 500, 501, 498, 499, 435, 497, 496, 495, 494, 493, 489, 490, 488, 486, 429, 428, 416, 454, 446, 412, 445, 453, 455, 452, 451, 447, 448, 449, 450, 456, 457, 458, 459, 491, 492, 518, 517, 516, 522, 519, 460, 520, 521, 524, 525, 523, 515, 514, 513, 512, 511, 510, 509, 526, 527, 528, 529, 535, 538, 537, 536, 534, 533, 532, 531, 530, 472, 471, 470, 469, 473, 601, 560, 559, 545, 544, 543, 539, 540, 542, 541, 547, 550, 553, 554, 556, 557, 558, 555, 551, 548, 552, 549, 546, 561, 562, 563, 564, 565, 566, 567, 573, 572, 571, 570, 569, 568, 606, 605, 604, 602, 603, 612, 614, 616, 615, 618, 485, 619, 481, 483, 482, 484, 623, 624, 625, 626, 628, 627, 629, 630, 631, 633, 632, 622, 621, 620, 617, 613, 611, 610, 609, 607, 598, 608, 600, 634, 599, 597, 596, 595, 594, 591, 589, 588, 587, 576, 575, 574, 577, 578, 579, 580, 581, 582, 583, 584, 586, 590, 585, 639, 592, 593, 636, 635, 658, 657, 656, 637, 638, 646, 647, 640, 641, 645, 644, 642, 643, 648, 649, 650, 651, 655, 654, 652, 653, 659, 660, 662, 661, 663, 664, 92, 95, 94, 93, 96, 97, 98, 99, 100, 101, 102, 103, 104, 116, 117, 125, 126, 137, 136, 85, 84, 83, 135, 134, 133, 132, 131, 130, 129, 128, 127, 124, 123, 122, 121, 120, 119, 118, 111, 112, 113, 114, 115, 105, 106, 109, 110, 108, 107, 665, 217, 216, 176, 177, 178, 179, 180, 186, 187, 189, 188, 192, 190, 191, 195, 193, 194, 206, 207, 219, 218, 220, 228, 227, 226, 224, 225, 215, 222, 223, 221, 211, 212, 210, 209, 208, 196, 197, 198, 199, 200, 201, 203, 204, 205, 213, 214, 229, 230, 232, 231, 233, 202, 164, 165, 507, 508, 505, 506, 163, 159, 503, 504, 502, 158, 160, 161, 162, 185, 184, 183, 148, 182, 181, 170, 171, 172, 175, 174, 173, 169, 168, 167, 138, 166, 139, 140, 234, 17, 16, 15, 14, 13, 45, 46, 47, 48, 42, 12, 41, 36, 37, 43, 44, 49, 50, 72, 73, 51, 74, 75, 76, 77, 78, 79, 80, 81, 86, 82, 87, 88, 89, 90, 91, 71, 70, 69, 68, 67, 66, 65, 64, 63, 62, 60, 59, 58, 61, 57, 56, 55, 54, 53, 52, 28, 27, 25, 23, 22, 21, 20, 24, 26, 33, 34, 35, 40, 39, 38, 32, 31, 30, 29, 10, 11, 8, 9, 6, 7, 19, 18, 5, 4, 3, 2, 1, 478, 479, 480, 477, 476, 475, 474, 467, 466, 468, 465, 462, 461, 463, 464)","{1: [0, 1, 2, 3, 4]}",11.819297001400082,385621.0,5
4,gr666.tsp,TSPLehmerDiversificator,LKHImprove_Simple(2-opt),LKHImprove_Simple(2-opt),RefSetFixedDiversity,NaiveTSPCombination,SimpleSubsetGenerator,100,15,15,329876,12.066259452775192,23.158537842199983,16.453821117596817,1.0,154.0,"(0, 309, 307, 308, 17, 234, 140, 139, 166, 167, 168, 169, 138, 132, 131, 130, 129, 133, 134, 135, 83, 84, 85, 136, 137, 102, 103, 117, 125, 126, 127, 128, 124, 123, 122, 121, 120, 119, 118, 113, 112, 111, 110, 109, 108, 107, 106, 105, 115, 114, 116, 104, 101, 100, 99, 98, 97, 96, 94, 95, 93, 91, 90, 89, 71, 70, 69, 68, 67, 66, 65, 64, 63, 62, 60, 59, 58, 61, 57, 56, 55, 54, 53, 52, 28, 27, 25, 23, 22, 21, 20, 18, 5, 4, 3, 2, 1, 478, 479, 480, 477, 476, 474, 475, 616, 615, 617, 613, 622, 621, 620, 618, 619, 481, 483, 482, 484, 623, 624, 625, 626, 627, 629, 630, 485, 628, 631, 632, 633, 634, 600, 599, 598, 568, 607, 608, 611, 610, 609, 612, 614, 603, 602, 604, 605, 606, 566, 565, 564, 563, 562, 561, 560, 601, 559, 545, 546, 549, 552, 555, 558, 557, 556, 554, 553, 550, 551, 548, 544, 543, 539, 540, 542, 541, 547, 538, 537, 536, 535, 534, 533, 532, 531, 530, 529, 528, 527, 471, 472, 470, 469, 473, 468, 462, 461, 450, 449, 448, 447, 451, 452, 453, 455, 456, 457, 460, 520, 521, 524, 525, 526, 509, 510, 511, 512, 508, 233, 231, 232, 230, 229, 214, 213, 212, 211, 215, 225, 223, 222, 221, 224, 226, 227, 228, 220, 218, 219, 210, 209, 208, 196, 197, 198, 199, 200, 201, 204, 205, 203, 202, 164, 165, 507, 163, 506, 505, 504, 503, 159, 160, 161, 162, 366, 365, 364, 357, 356, 272, 363, 362, 361, 360, 261, 270, 271, 351, 273, 269, 268, 276, 277, 275, 274, 336, 279, 278, 280, 282, 281, 293, 294, 292, 291, 290, 289, 286, 267, 285, 288, 287, 284, 263, 264, 265, 266, 259, 253, 254, 245, 243, 250, 242, 240, 239, 241, 246, 247, 248, 249, 236, 235, 237, 238, 145, 142, 141, 143, 144, 146, 147, 149, 251, 244, 252, 260, 262, 255, 256, 257, 370, 371, 375, 258, 380, 378, 377, 376, 372, 373, 374, 418, 417, 419, 369, 367, 368, 403, 402, 404, 408, 406, 407, 405, 398, 397, 396, 392, 391, 393, 394, 399, 444, 411, 410, 409, 422, 421, 423, 420, 382, 381, 383, 384, 430, 425, 424, 426, 427, 429, 428, 416, 415, 413, 414, 412, 445, 446, 454, 488, 486, 487, 435, 497, 496, 495, 494, 493, 489, 490, 492, 491, 458, 459, 519, 518, 517, 516, 522, 515, 523, 514, 513, 158, 502, 498, 499, 500, 501, 156, 157, 154, 155, 431, 432, 433, 434, 153, 388, 386, 385, 387, 379, 150, 151, 152, 148, 170, 171, 172, 173, 174, 175, 176, 177, 178, 179, 180, 181, 182, 183, 184, 185, 186, 187, 189, 188, 192, 190, 191, 195, 193, 194, 206, 207, 216, 217, 665, 648, 649, 650, 651, 644, 643, 642, 641, 640, 647, 639, 585, 590, 584, 583, 582, 581, 580, 579, 578, 576, 575, 577, 574, 573, 567, 569, 570, 572, 571, 587, 586, 589, 588, 597, 596, 595, 594, 591, 592, 593, 636, 635, 658, 657, 656, 637, 638, 646, 645, 655, 654, 652, 653, 660, 659, 661, 662, 663, 664, 92, 35, 40, 39, 34, 33, 26, 24, 19, 7, 6, 9, 8, 11, 10, 29, 30, 31, 32, 38, 37, 36, 41, 12, 13, 14, 15, 16, 45, 46, 47, 48, 42, 43, 44, 49, 50, 72, 73, 51, 74, 75, 88, 87, 82, 86, 81, 80, 79, 78, 77, 76, 302, 303, 304, 305, 306, 297, 296, 295, 298, 299, 301, 300, 317, 318, 319, 316, 314, 323, 324, 322, 320, 321, 327, 325, 326, 331, 330, 329, 328, 283, 332, 344, 340, 342, 343, 341, 339, 338, 337, 352, 353, 354, 355, 359, 358, 400, 401, 350, 349, 348, 347, 346, 345, 333, 334, 335, 389, 390, 441, 395, 443, 442, 440, 439, 438, 315, 313, 312, 311, 310, 436, 437, 463, 465, 466, 467, 464)",{1: [0]},11.822976519200164,385621.0,5
5,gr666.tsp,TSPLehmerDiversificator,LKHImprove_Simple(2-opt),LKHImprove_Complex(5-opt_A50),RefSetFixedDiversity,NaiveTSPCombination,SimpleSubsetGenerator,100,15,15,294778,0.14268339912623404,72.9856181772002,60.69414590780125,6.0,264.0,"(0, 309, 308, 307, 301, 300, 318, 317, 316, 319, 320, 322, 324, 323, 314, 313, 312, 311, 310, 436, 437, 438, 315, 439, 440, 441, 390, 391, 392, 396, 393, 398, 397, 402, 403, 368, 404, 406, 408, 409, 410, 422, 421, 420, 423, 384, 383, 382, 381, 380, 378, 377, 376, 372, 373, 374, 418, 417, 419, 369, 367, 366, 359, 365, 364, 363, 362, 361, 360, 370, 371, 375, 258, 257, 256, 255, 262, 260, 261, 270, 271, 273, 351, 272, 356, 357, 353, 352, 354, 355, 358, 400, 401, 350, 349, 348, 347, 346, 345, 333, 334, 335, 389, 331, 321, 327, 325, 326, 330, 329, 328, 283, 332, 344, 343, 342, 341, 340, 339, 338, 337, 336, 274, 279, 282, 281, 280, 278, 275, 277, 276, 269, 268, 267, 286, 289, 285, 288, 287, 290, 291, 292, 293, 294, 295, 299, 298, 296, 297, 306, 305, 304, 303, 302, 284, 263, 264, 265, 266, 259, 253, 254, 252, 244, 251, 250, 242, 243, 245, 248, 246, 247, 249, 236, 235, 237, 241, 240, 239, 238, 145, 143, 142, 141, 144, 146, 147, 149, 379, 150, 387, 385, 386, 388, 151, 152, 153, 434, 487, 433, 432, 430, 425, 424, 431, 426, 427, 415, 414, 413, 411, 407, 405, 444, 399, 394, 395, 442, 443, 445, 412, 446, 454, 416, 428, 429, 486, 488, 490, 489, 493, 494, 495, 496, 497, 435, 499, 498, 501, 500, 155, 154, 157, 156, 158, 160, 161, 162, 185, 184, 183, 148, 182, 181, 170, 171, 172, 175, 174, 173, 169, 168, 167, 138, 166, 139, 140, 234, 17, 16, 15, 14, 13, 45, 46, 47, 48, 42, 12, 41, 36, 37, 43, 44, 49, 50, 72, 73, 51, 74, 75, 76, 77, 78, 79, 80, 81, 86, 82, 87, 88, 89, 90, 91, 71, 70, 69, 68, 67, 66, 65, 64, 63, 62, 60, 59, 58, 61, 57, 56, 55, 54, 53, 52, 28, 27, 25, 23, 22, 21, 20, 24, 26, 33, 34, 35, 40, 39, 38, 32, 31, 30, 29, 10, 11, 8, 9, 6, 7, 19, 18, 5, 4, 3, 2, 1, 478, 479, 480, 477, 476, 475, 474, 467, 466, 465, 468, 473, 469, 470, 471, 472, 530, 531, 534, 533, 532, 539, 540, 542, 541, 547, 550, 553, 554, 556, 557, 558, 555, 551, 548, 552, 549, 546, 545, 544, 543, 559, 601, 560, 561, 562, 563, 564, 565, 566, 567, 573, 572, 571, 570, 569, 568, 606, 605, 604, 602, 603, 612, 614, 616, 615, 613, 617, 618, 620, 621, 485, 619, 481, 483, 482, 484, 623, 624, 625, 626, 628, 627, 629, 630, 631, 622, 632, 633, 634, 611, 610, 609, 607, 598, 608, 600, 599, 597, 596, 595, 594, 591, 589, 588, 587, 576, 575, 574, 577, 578, 579, 580, 581, 582, 583, 584, 586, 590, 585, 639, 592, 593, 636, 635, 658, 657, 656, 637, 638, 646, 647, 640, 641, 645, 644, 642, 643, 648, 649, 650, 651, 655, 654, 652, 653, 659, 660, 662, 661, 663, 664, 92, 95, 94, 93, 96, 97, 98, 99, 100, 101, 102, 103, 104, 116, 117, 125, 126, 137, 136, 85, 84, 83, 135, 134, 133, 132, 131, 130, 129, 128, 127, 124, 123, 122, 121, 120, 119, 118, 111, 112, 113, 114, 115, 105, 106, 109, 110, 108, 107, 665, 217, 216, 176, 177, 178, 179, 180, 186, 187, 189, 188, 192, 190, 191, 195, 193, 194, 206, 207, 219, 218, 220, 228, 227, 226, 224, 225, 215, 222, 223, 221, 211, 212, 210, 209, 208, 196, 197, 198, 199, 200, 201, 203, 204, 205, 213, 214, 229, 230, 232, 231, 233, 202, 164, 165, 507, 508, 505, 506, 163, 159, 503, 504, 502, 513, 512, 511, 510, 509, 538, 537, 536, 535, 529, 528, 527, 526, 525, 514, 515, 523, 524, 521, 520, 460, 519, 522, 516, 517, 518, 492, 491, 459, 458, 457, 456, 455, 453, 452, 451, 447, 448, 449, 450, 461, 462, 463, 464)","{1: [0, 1, 2, 3, 4], 2: [0, 1, 4], 3: [0, 1], 4: [1, 3], 5: [0, 3], 6: [2]}",11.793699685200227,385621.0,5
6,gr666.tsp,TSPLehmerDiversificator,LKHImprove_Simple(2-opt),LKHImprove_Simple(2-opt),RefSetFixedDiversity,NaiveTSPCombination,SimpleSubsetGenerator,100,15,15,329876,12.066259452775192,59.176225965799674,33.392687334599756,1.0,309.0,"(0, 309, 307, 308, 17, 234, 140, 139, 166, 167, 168, 169, 138, 132, 131, 130, 129, 133, 134, 135, 83, 84, 85, 136, 137, 102, 103, 117, 125, 126, 127, 128, 124, 123, 122, 121, 120, 119, 118, 113, 112, 111, 110, 109, 108, 107, 106, 105, 115, 114, 116, 104, 101, 100, 99, 98, 97, 96, 94, 95, 93, 91, 90, 89, 71, 70, 69, 68, 67, 66, 65, 64, 63, 62, 60, 59, 58, 61, 57, 56, 55, 54, 53, 52, 28, 27, 25, 23, 22, 21, 20, 18, 5, 4, 3, 2, 1, 478, 479, 480, 477, 476, 474, 475, 616, 615, 617, 613, 622, 621, 620, 618, 619, 481, 483, 482, 484, 623, 624, 625, 626, 627, 629, 630, 485, 628, 631, 632, 633, 634, 600, 599, 598, 568, 607, 608, 611, 610, 609, 612, 614, 603, 602, 604, 605, 606, 566, 565, 564, 563, 562, 561, 560, 601, 559, 545, 546, 549, 552, 555, 558, 557, 556, 554, 553, 550, 551, 548, 544, 543, 539, 540, 542, 541, 547, 538, 537, 536, 535, 534, 533, 532, 531, 530, 529, 528, 527, 471, 472, 470, 469, 473, 468, 462, 461, 450, 449, 448, 447, 451, 452, 453, 455, 456, 457, 460, 520, 521, 524, 525, 526, 509, 510, 511, 512, 508, 233, 231, 232, 230, 229, 214, 213, 212, 211, 215, 225, 223, 222, 221, 224, 226, 227, 228, 220, 218, 219, 210, 209, 208, 196, 197, 198, 199, 200, 201, 204, 205, 203, 202, 164, 165, 507, 163, 506, 505, 504, 503, 159, 160, 161, 162, 366, 365, 364, 357, 356, 272, 363, 362, 361, 360, 261, 270, 271, 351, 273, 269, 268, 276, 277, 275, 274, 336, 279, 278, 280, 282, 281, 293, 294, 292, 291, 290, 289, 286, 267, 285, 288, 287, 284, 263, 264, 265, 266, 259, 253, 254, 245, 243, 250, 242, 240, 239, 241, 246, 247, 248, 249, 236, 235, 237, 238, 145, 142, 141, 143, 144, 146, 147, 149, 251, 244, 252, 260, 262, 255, 256, 257, 370, 371, 375, 258, 380, 378, 377, 376, 372, 373, 374, 418, 417, 419, 369, 367, 368, 403, 402, 404, 408, 406, 407, 405, 398, 397, 396, 392, 391, 393, 394, 399, 444, 411, 410, 409, 422, 421, 423, 420, 382, 381, 383, 384, 430, 425, 424, 426, 427, 429, 428, 416, 415, 413, 414, 412, 445, 446, 454, 488, 486, 487, 435, 497, 496, 495, 494, 493, 489, 490, 492, 491, 458, 459, 519, 518, 517, 516, 522, 515, 523, 514, 513, 158, 502, 498, 499, 500, 501, 156, 157, 154, 155, 431, 432, 433, 434, 153, 388, 386, 385, 387, 379, 150, 151, 152, 148, 170, 171, 172, 173, 174, 175, 176, 177, 178, 179, 180, 181, 182, 183, 184, 185, 186, 187, 189, 188, 192, 190, 191, 195, 193, 194, 206, 207, 216, 217, 665, 648, 649, 650, 651, 644, 643, 642, 641, 640, 647, 639, 585, 590, 584, 583, 582, 581, 580, 579, 578, 576, 575, 577, 574, 573, 567, 569, 570, 572, 571, 587, 586, 589, 588, 597, 596, 595, 594, 591, 592, 593, 636, 635, 658, 657, 656, 637, 638, 646, 645, 655, 654, 652, 653, 660, 659, 661, 662, 663, 664, 92, 35, 40, 39, 34, 33, 26, 24, 19, 7, 6, 9, 8, 11, 10, 29, 30, 31, 32, 38, 37, 36, 41, 12, 13, 14, 15, 16, 45, 46, 47, 48, 42, 43, 44, 49, 50, 72, 73, 51, 74, 75, 88, 87, 82, 86, 81, 80, 79, 78, 77, 76, 302, 303, 304, 305, 306, 297, 296, 295, 298, 299, 301, 300, 317, 318, 319, 316, 314, 323, 324, 322, 320, 321, 327, 325, 326, 331, 330, 329, 328, 283, 332, 344, 340, 342, 343, 341, 339, 338, 337, 352, 353, 354, 355, 359, 358, 400, 401, 350, 349, 348, 347, 346, 345, 333, 334, 335, 389, 390, 441, 395, 443, 442, 440, 439, 438, 315, 313, 312, 311, 310, 436, 437, 463, 465, 466, 467, 464)",{1: [0]},14.285553605399945,385621.0,5
7,gr666.tsp,TSPLehmerDiversificator,LKHImprove_Simple(2-opt),LKHImprove_Complex(5-opt_A50),RefSetFixedDiversity,NaiveTSPCombination,SimpleSubsetGenerator,100,15,15,294523,0.05605419251387766,433.9180153814001,357.3159292853961,13.0,1236.0,"(0, 309, 308, 307, 301, 300, 318, 317, 316, 319, 320, 322, 324, 323, 314, 313, 312, 311, 310, 436, 437, 438, 315, 439, 440, 442, 443, 395, 441, 390, 391, 392, 396, 402, 397, 398, 393, 394, 399, 444, 405, 407, 411, 413, 414, 415, 416, 428, 429, 427, 426, 431, 424, 425, 430, 432, 433, 487, 486, 488, 490, 489, 493, 494, 495, 496, 497, 435, 499, 498, 501, 500, 155, 156, 157, 154, 434, 153, 388, 386, 385, 387, 381, 382, 383, 384, 423, 420, 421, 422, 410, 409, 408, 406, 404, 403, 368, 369, 419, 417, 418, 374, 373, 372, 376, 377, 378, 380, 258, 375, 371, 370, 257, 256, 255, 262, 260, 261, 360, 361, 362, 364, 363, 270, 271, 273, 351, 272, 356, 357, 353, 352, 354, 355, 358, 359, 365, 366, 367, 400, 401, 350, 349, 348, 347, 346, 345, 333, 334, 335, 389, 331, 321, 327, 325, 326, 330, 329, 328, 283, 332, 344, 343, 342, 341, 340, 339, 338, 337, 336, 274, 279, 282, 281, 280, 278, 275, 277, 276, 269, 268, 267, 286, 289, 285, 288, 287, 290, 291, 292, 293, 294, 295, 299, 298, 296, 297, 306, 305, 304, 303, 302, 284, 263, 264, 265, 266, 259, 253, 254, 252, 244, 251, 250, 242, 243, 245, 248, 246, 247, 249, 236, 235, 237, 241, 240, 239, 238, 145, 143, 142, 141, 144, 146, 147, 149, 379, 150, 151, 152, 148, 170, 181, 182, 183, 184, 185, 162, 161, 160, 158, 502, 504, 503, 159, 163, 506, 505, 508, 507, 165, 164, 202, 233, 231, 232, 230, 229, 214, 213, 205, 204, 203, 201, 200, 199, 198, 197, 196, 208, 209, 210, 212, 211, 221, 223, 222, 215, 225, 224, 226, 227, 228, 220, 219, 218, 217, 216, 207, 206, 194, 193, 195, 191, 190, 192, 188, 189, 187, 186, 180, 179, 178, 177, 176, 171, 172, 175, 174, 173, 169, 168, 167, 138, 166, 139, 140, 234, 17, 16, 15, 14, 13, 45, 46, 47, 48, 42, 12, 41, 36, 37, 43, 44, 49, 50, 72, 73, 51, 74, 75, 76, 77, 78, 79, 80, 81, 86, 82, 87, 88, 71, 89, 90, 91, 93, 95, 94, 96, 97, 98, 99, 100, 101, 102, 103, 104, 116, 117, 125, 126, 137, 136, 85, 84, 83, 135, 134, 133, 132, 131, 130, 129, 128, 127, 124, 123, 122, 121, 120, 119, 118, 111, 112, 113, 114, 115, 105, 106, 109, 110, 108, 107, 665, 648, 649, 650, 651, 655, 654, 652, 653, 659, 660, 662, 661, 663, 664, 92, 70, 69, 68, 67, 66, 65, 64, 63, 62, 60, 59, 58, 61, 57, 56, 55, 54, 53, 52, 28, 27, 25, 23, 22, 21, 20, 24, 26, 33, 34, 35, 40, 39, 38, 32, 31, 30, 29, 10, 11, 8, 9, 6, 7, 19, 18, 5, 4, 3, 2, 1, 478, 479, 480, 477, 476, 475, 474, 467, 466, 465, 468, 473, 469, 470, 471, 472, 530, 531, 532, 533, 534, 541, 542, 540, 539, 543, 544, 545, 559, 560, 601, 606, 605, 604, 602, 603, 612, 614, 616, 615, 613, 617, 618, 620, 621, 485, 619, 481, 483, 482, 484, 623, 624, 625, 626, 628, 627, 629, 630, 631, 622, 632, 633, 634, 611, 610, 609, 607, 598, 608, 600, 599, 597, 596, 595, 594, 591, 592, 593, 636, 635, 658, 657, 656, 637, 638, 646, 645, 644, 643, 642, 641, 640, 647, 639, 585, 590, 589, 588, 587, 586, 584, 583, 582, 581, 580, 579, 578, 576, 575, 577, 574, 572, 571, 570, 569, 568, 566, 567, 573, 564, 565, 563, 562, 561, 546, 549, 552, 548, 551, 555, 558, 557, 556, 554, 553, 550, 547, 538, 537, 536, 535, 529, 528, 527, 526, 509, 510, 511, 512, 513, 514, 515, 523, 525, 524, 521, 520, 460, 519, 522, 516, 517, 518, 492, 491, 459, 458, 457, 456, 455, 454, 446, 412, 445, 453, 452, 451, 447, 448, 449, 450, 461, 462, 463, 464)","{1: [0, 1, 2, 3, 4, 5, 6, 7, 8, 9], 2: [0, 1, 2, 3, 7, 9], 3: [0, 1, 6], 4: [0, 1, 3, 4, 6, 8], 5: [0, 7, 8], 6: [0, 1, 3, 8, 9], 7: [2, 3, 7], 8: [0, 1, 5, 8, 9], 9: [0, 8], 10: [0, 1], 11: [1, 4, 5], 12: [1, 4, 5, 6, 9], 13: [0, 6, 7]}",14.257245186400178,385621.0,5
8,gr666.tsp,TSPLehmerDiversificator,LKHImprove_Simple(2-opt),LKHImprove_Simple(2-opt),RefSetFixedDiversity,NaiveTSPCombination,SimpleSubsetGenerator,100,15,15,329876,12.066259452775192,135.73910216919995,73.28010831219508,1.0,671.0,"(0, 309, 307, 308, 17, 234, 140, 139, 166, 167, 168, 169, 138, 132, 131, 130, 129, 133, 134, 135, 83, 84, 85, 136, 137, 102, 103, 117, 125, 126, 127, 128, 124, 123, 122, 121, 120, 119, 118, 113, 112, 111, 110, 109, 108, 107, 106, 105, 115, 114, 116, 104, 101, 100, 99, 98, 97, 96, 94, 95, 93, 91, 90, 89, 71, 70, 69, 68, 67, 66, 65, 64, 63, 62, 60, 59, 58, 61, 57, 56, 55, 54, 53, 52, 28, 27, 25, 23, 22, 21, 20, 18, 5, 4, 3, 2, 1, 478, 479, 480, 477, 476, 474, 475, 616, 615, 617, 613, 622, 621, 620, 618, 619, 481, 483, 482, 484, 623, 624, 625, 626, 627, 629, 630, 485, 628, 631, 632, 633, 634, 600, 599, 598, 568, 607, 608, 611, 610, 609, 612, 614, 603, 602, 604, 605, 606, 566, 565, 564, 563, 562, 561, 560, 601, 559, 545, 546, 549, 552, 555, 558, 557, 556, 554, 553, 550, 551, 548, 544, 543, 539, 540, 542, 541, 547, 538, 537, 536, 535, 534, 533, 532, 531, 530, 529, 528, 527, 471, 472, 470, 469, 473, 468, 462, 461, 450, 449, 448, 447, 451, 452, 453, 455, 456, 457, 460, 520, 521, 524, 525, 526, 509, 510, 511, 512, 508, 233, 231, 232, 230, 229, 214, 213, 212, 211, 215, 225, 223, 222, 221, 224, 226, 227, 228, 220, 218, 219, 210, 209, 208, 196, 197, 198, 199, 200, 201, 204, 205, 203, 202, 164, 165, 507, 163, 506, 505, 504, 503, 159, 160, 161, 162, 366, 365, 364, 357, 356, 272, 363, 362, 361, 360, 261, 270, 271, 351, 273, 269, 268, 276, 277, 275, 274, 336, 279, 278, 280, 282, 281, 293, 294, 292, 291, 290, 289, 286, 267, 285, 288, 287, 284, 263, 264, 265, 266, 259, 253, 254, 245, 243, 250, 242, 240, 239, 241, 246, 247, 248, 249, 236, 235, 237, 238, 145, 142, 141, 143, 144, 146, 147, 149, 251, 244, 252, 260, 262, 255, 256, 257, 370, 371, 375, 258, 380, 378, 377, 376, 372, 373, 374, 418, 417, 419, 369, 367, 368, 403, 402, 404, 408, 406, 407, 405, 398, 397, 396, 392, 391, 393, 394, 399, 444, 411, 410, 409, 422, 421, 423, 420, 382, 381, 383, 384, 430, 425, 424, 426, 427, 429, 428, 416, 415, 413, 414, 412, 445, 446, 454, 488, 486, 487, 435, 497, 496, 495, 494, 493, 489, 490, 492, 491, 458, 459, 519, 518, 517, 516, 522, 515, 523, 514, 513, 158, 502, 498, 499, 500, 501, 156, 157, 154, 155, 431, 432, 433, 434, 153, 388, 386, 385, 387, 379, 150, 151, 152, 148, 170, 171, 172, 173, 174, 175, 176, 177, 178, 179, 180, 181, 182, 183, 184, 185, 186, 187, 189, 188, 192, 190, 191, 195, 193, 194, 206, 207, 216, 217, 665, 648, 649, 650, 651, 644, 643, 642, 641, 640, 647, 639, 585, 590, 584, 583, 582, 581, 580, 579, 578, 576, 575, 577, 574, 573, 567, 569, 570, 572, 571, 587, 586, 589, 588, 597, 596, 595, 594, 591, 592, 593, 636, 635, 658, 657, 656, 637, 638, 646, 645, 655, 654, 652, 653, 660, 659, 661, 662, 663, 664, 92, 35, 40, 39, 34, 33, 26, 24, 19, 7, 6, 9, 8, 11, 10, 29, 30, 31, 32, 38, 37, 36, 41, 12, 13, 14, 15, 16, 45, 46, 47, 48, 42, 43, 44, 49, 50, 72, 73, 51, 74, 75, 88, 87, 82, 86, 81, 80, 79, 78, 77, 76, 302, 303, 304, 305, 306, 297, 296, 295, 298, 299, 301, 300, 317, 318, 319, 316, 314, 323, 324, 322, 320, 321, 327, 325, 326, 331, 330, 329, 328, 283, 332, 344, 340, 342, 343, 341, 339, 338, 337, 352, 353, 354, 355, 359, 358, 400, 401, 350, 349, 348, 347, 346, 345, 333, 334, 335, 389, 390, 441, 395, 443, 442, 440, 439, 438, 315, 313, 312, 311, 310, 436, 437, 463, 465, 466, 467, 464)","{1: [0, 1, 2, 3, 4]}",17.7447491328001,385621.0,5
9,gr666.tsp,TSPLehmerDiversificator,LKHImprove_Simple(2-opt),LKHImprove_Complex(5-opt_A50),RefSetFixedDiversity,NaiveTSPCombination,SimpleSubsetGenerator,100,15,15,294476,0.040087240706894324,615.6877849991997,503.8419741378173,5.0,1721.0,"(0, 309, 308, 307, 301, 300, 318, 317, 316, 319, 320, 322, 323, 324, 441, 390, 391, 392, 396, 393, 394, 395, 399, 444, 405, 398, 397, 402, 403, 404, 368, 369, 419, 417, 418, 374, 373, 372, 376, 377, 378, 380, 381, 382, 383, 384, 423, 420, 421, 422, 410, 409, 408, 406, 407, 411, 413, 414, 415, 427, 426, 431, 424, 425, 430, 432, 433, 487, 434, 153, 152, 151, 388, 386, 385, 387, 150, 379, 149, 147, 146, 242, 243, 250, 251, 244, 252, 254, 255, 256, 257, 258, 375, 371, 370, 262, 260, 261, 360, 361, 362, 364, 363, 270, 271, 273, 351, 272, 356, 357, 353, 352, 354, 355, 358, 359, 365, 366, 367, 400, 401, 350, 349, 348, 347, 346, 345, 333, 334, 335, 389, 331, 321, 327, 325, 326, 330, 329, 328, 283, 332, 344, 343, 342, 341, 340, 339, 338, 337, 336, 274, 279, 282, 281, 280, 278, 275, 277, 276, 269, 268, 267, 286, 289, 285, 288, 287, 290, 291, 292, 293, 294, 295, 299, 298, 296, 297, 306, 305, 304, 303, 302, 284, 263, 264, 265, 266, 259, 253, 248, 245, 246, 247, 249, 236, 235, 237, 241, 240, 239, 238, 145, 144, 143, 142, 141, 139, 140, 234, 17, 16, 15, 14, 13, 45, 46, 47, 48, 42, 12, 41, 36, 37, 43, 44, 49, 50, 72, 73, 51, 74, 75, 76, 77, 78, 79, 80, 81, 86, 82, 87, 88, 89, 90, 91, 71, 70, 69, 68, 67, 66, 65, 64, 63, 62, 60, 59, 58, 61, 57, 56, 55, 54, 53, 52, 28, 27, 25, 23, 22, 21, 20, 24, 26, 33, 34, 35, 40, 39, 38, 32, 31, 30, 29, 10, 11, 8, 9, 6, 7, 19, 18, 5, 4, 3, 2, 1, 478, 479, 480, 477, 476, 475, 474, 467, 466, 468, 465, 462, 461, 450, 449, 448, 447, 451, 452, 453, 455, 456, 457, 458, 459, 491, 492, 518, 517, 516, 522, 519, 460, 520, 521, 524, 525, 523, 515, 514, 513, 512, 511, 510, 509, 526, 527, 528, 529, 535, 538, 537, 536, 534, 533, 532, 531, 530, 472, 471, 470, 469, 473, 601, 560, 559, 545, 544, 543, 539, 540, 542, 541, 547, 550, 553, 554, 556, 557, 558, 555, 551, 548, 552, 549, 546, 561, 562, 563, 564, 565, 566, 567, 573, 572, 571, 570, 569, 568, 606, 605, 604, 602, 603, 612, 614, 616, 615, 613, 617, 618, 620, 621, 485, 619, 481, 483, 482, 484, 623, 624, 625, 626, 628, 627, 629, 630, 631, 622, 632, 633, 634, 611, 610, 609, 607, 598, 608, 600, 599, 597, 596, 595, 594, 591, 592, 585, 590, 586, 589, 588, 587, 576, 575, 574, 577, 578, 579, 580, 581, 582, 583, 584, 640, 647, 639, 593, 636, 635, 658, 657, 656, 637, 638, 646, 645, 644, 641, 642, 643, 648, 649, 650, 651, 655, 654, 652, 653, 659, 660, 662, 661, 663, 664, 92, 95, 94, 93, 96, 97, 98, 99, 100, 101, 102, 103, 104, 116, 117, 125, 126, 137, 136, 85, 84, 83, 135, 134, 133, 132, 131, 130, 129, 128, 127, 124, 123, 122, 121, 120, 119, 118, 111, 112, 113, 114, 115, 105, 106, 109, 110, 108, 107, 665, 217, 216, 218, 219, 220, 228, 227, 226, 224, 225, 215, 222, 223, 221, 211, 212, 210, 209, 208, 213, 214, 229, 230, 232, 231, 233, 202, 203, 205, 204, 201, 200, 199, 198, 197, 196, 207, 206, 194, 193, 195, 191, 190, 192, 188, 189, 187, 186, 180, 179, 178, 177, 176, 175, 174, 173, 169, 168, 167, 138, 166, 172, 171, 170, 181, 182, 148, 183, 184, 185, 162, 161, 160, 164, 165, 507, 508, 505, 506, 163, 159, 503, 504, 502, 158, 156, 157, 154, 155, 500, 501, 498, 499, 435, 497, 496, 495, 494, 493, 489, 490, 488, 486, 429, 428, 416, 454, 446, 412, 445, 443, 442, 440, 438, 439, 315, 314, 313, 312, 311, 310, 436, 437, 463, 464)","{1: [0, 1, 2, 3, 4, 5, 6, 7, 8, 9, 10, 11, 12, 13, 14], 2: [0, 1, 2, 3, 5, 7, 8, 9, 11, 12, 13, 14], 3: [0, 1, 3, 4, 5, 6, 7, 9, 12, 13, 14], 4: [1, 2, 4, 6, 7, 8, 10, 11, 12], 5: [4, 6, 7]}",17.683021366799586,385621.0,5
10,gr666.tsp,IlustrativeTSPDiversification,LKHImprove_Simple(2-opt),LKHImprove_Complex(5-opt_A50),RefSetFixedDiversity,NaiveTSPCombination,SimpleSubsetGenerator,100,5,5,294895,0.18243091745425638,151.55252869719916,140.17294897138746,2.0,753.0,"(0, 309, 308, 307, 301, 300, 318, 317, 316, 319, 320, 322, 324, 323, 314, 313, 312, 311, 310, 436, 437, 438, 315, 439, 440, 442, 443, 395, 441, 390, 391, 392, 389, 335, 331, 321, 327, 325, 326, 330, 329, 328, 283, 332, 344, 343, 342, 341, 340, 339, 338, 337, 336, 274, 279, 282, 281, 280, 278, 275, 277, 276, 269, 268, 267, 286, 289, 285, 288, 287, 290, 291, 292, 293, 294, 295, 299, 298, 296, 297, 306, 305, 304, 303, 302, 284, 263, 264, 265, 266, 259, 253, 254, 252, 244, 251, 250, 242, 243, 245, 248, 246, 247, 249, 236, 235, 237, 241, 240, 239, 238, 145, 143, 142, 141, 144, 146, 147, 149, 379, 258, 375, 371, 370, 257, 256, 255, 262, 260, 261, 360, 361, 362, 364, 363, 270, 271, 273, 351, 272, 356, 357, 353, 352, 354, 355, 346, 345, 333, 334, 347, 348, 349, 350, 401, 400, 358, 359, 365, 366, 367, 369, 419, 417, 418, 374, 373, 372, 376, 377, 378, 380, 381, 382, 383, 384, 423, 420, 421, 422, 410, 409, 408, 406, 404, 368, 403, 402, 398, 397, 396, 393, 394, 399, 444, 405, 407, 411, 413, 414, 415, 416, 428, 429, 427, 426, 431, 424, 425, 430, 432, 433, 487, 486, 488, 490, 489, 493, 494, 495, 496, 497, 435, 499, 498, 501, 500, 155, 156, 157, 154, 434, 153, 388, 386, 385, 387, 150, 151, 152, 148, 170, 181, 182, 183, 184, 185, 162, 161, 160, 158, 502, 504, 503, 159, 163, 506, 505, 508, 507, 165, 164, 202, 233, 231, 232, 230, 229, 214, 213, 205, 204, 203, 201, 200, 199, 198, 197, 196, 208, 209, 210, 212, 211, 221, 223, 222, 215, 225, 224, 226, 227, 228, 220, 219, 218, 217, 216, 207, 206, 194, 193, 195, 191, 190, 192, 188, 189, 187, 186, 180, 179, 178, 177, 176, 171, 172, 175, 174, 173, 169, 168, 167, 138, 166, 139, 140, 234, 17, 16, 15, 14, 13, 45, 46, 47, 48, 42, 12, 41, 43, 44, 49, 50, 72, 73, 51, 74, 75, 76, 77, 78, 79, 80, 81, 86, 82, 87, 88, 71, 89, 90, 91, 93, 95, 94, 96, 97, 98, 99, 100, 101, 137, 136, 85, 84, 83, 135, 134, 133, 132, 131, 130, 129, 128, 127, 124, 123, 122, 121, 120, 119, 118, 117, 125, 126, 102, 103, 104, 116, 105, 106, 115, 114, 113, 112, 111, 110, 109, 108, 107, 665, 648, 649, 650, 651, 655, 654, 652, 653, 659, 660, 662, 661, 663, 664, 92, 70, 69, 68, 67, 66, 65, 64, 63, 62, 60, 59, 58, 61, 57, 56, 55, 54, 53, 52, 28, 27, 25, 23, 22, 21, 20, 24, 26, 31, 32, 33, 34, 35, 40, 39, 38, 37, 36, 30, 29, 10, 11, 8, 9, 6, 7, 19, 18, 5, 4, 3, 2, 1, 478, 479, 480, 477, 482, 483, 484, 623, 624, 625, 626, 628, 627, 629, 630, 631, 622, 632, 633, 634, 611, 610, 609, 607, 598, 608, 600, 599, 597, 596, 595, 594, 591, 592, 593, 636, 635, 658, 657, 656, 637, 638, 646, 645, 644, 643, 642, 641, 640, 647, 639, 585, 590, 589, 588, 587, 586, 584, 583, 582, 581, 580, 579, 578, 576, 575, 577, 574, 572, 571, 570, 569, 568, 566, 567, 573, 564, 565, 563, 606, 605, 604, 602, 603, 612, 614, 616, 615, 613, 617, 618, 620, 621, 485, 619, 481, 476, 475, 474, 467, 466, 465, 468, 473, 469, 470, 471, 472, 530, 531, 532, 533, 534, 541, 542, 540, 539, 543, 544, 545, 559, 601, 560, 561, 562, 546, 549, 552, 548, 551, 555, 558, 557, 556, 554, 553, 550, 547, 538, 537, 536, 535, 529, 528, 527, 526, 509, 510, 511, 512, 513, 514, 515, 523, 525, 524, 521, 520, 460, 519, 522, 516, 517, 518, 492, 491, 459, 458, 457, 456, 455, 454, 446, 412, 445, 453, 452, 451, 447, 448, 449, 450, 461, 462, 463, 464)","{1: [0, 1, 2, 3, 4], 2: [2]}",120.64757863159976,321038.0,5
11,gr666.tsp,TSPLehmerDiversificator,LKHImprove_Simple(2-opt),LKHImprove_Complex(5-opt_A50),RefSetFixedDiversity,NaiveTSPCombination,SimpleSubsetGenerator,100,5,5,294778,0.14268339912623404,72.95438000499999,60.788199774595704,6.0,264.0,"(0, 309, 308, 307, 301, 300, 318, 317, 316, 319, 320, 322, 324, 323, 314, 313, 312, 311, 310, 436, 437, 438, 315, 439, 440, 441, 390, 391, 392, 396, 393, 398, 397, 402, 403, 368, 404, 406, 408, 409, 410, 422, 421, 420, 423, 384, 383, 382, 381, 380, 378, 377, 376, 372, 373, 374, 418, 417, 419, 369, 367, 366, 359, 365, 364, 363, 362, 361, 360, 370, 371, 375, 258, 257, 256, 255, 262, 260, 261, 270, 271, 273, 351, 272, 356, 357, 353, 352, 354, 355, 358, 400, 401, 350, 349, 348, 347, 346, 345, 333, 334, 335, 389, 331, 321, 327, 325, 326, 330, 329, 328, 283, 332, 344, 343, 342, 341, 340, 339, 338, 337, 336, 274, 279, 282, 281, 280, 278, 275, 277, 276, 269, 268, 267, 286, 289, 285, 288, 287, 290, 291, 292, 293, 294, 295, 299, 298, 296, 297, 306, 305, 304, 303, 302, 284, 263, 264, 265, 266, 259, 253, 254, 252, 244, 251, 250, 242, 243, 245, 248, 246, 247, 249, 236, 235, 237, 241, 240, 239, 238, 145, 143, 142, 141, 144, 146, 147, 149, 379, 150, 387, 385, 386, 388, 151, 152, 153, 434, 487, 433, 432, 430, 425, 424, 431, 426, 427, 415, 414, 413, 411, 407, 405, 444, 399, 394, 395, 442, 443, 445, 412, 446, 454, 416, 428, 429, 486, 488, 490, 489, 493, 494, 495, 496, 497, 435, 499, 498, 501, 500, 155, 154, 157, 156, 158, 160, 161, 162, 185, 184, 183, 148, 182, 181, 170, 171, 172, 175, 174, 173, 169, 168, 167, 138, 166, 139, 140, 234, 17, 16, 15, 14, 13, 45, 46, 47, 48, 42, 12, 41, 36, 37, 43, 44, 49, 50, 72, 73, 51, 74, 75, 76, 77, 78, 79, 80, 81, 86, 82, 87, 88, 89, 90, 91, 71, 70, 69, 68, 67, 66, 65, 64, 63, 62, 60, 59, 58, 61, 57, 56, 55, 54, 53, 52, 28, 27, 25, 23, 22, 21, 20, 24, 26, 33, 34, 35, 40, 39, 38, 32, 31, 30, 29, 10, 11, 8, 9, 6, 7, 19, 18, 5, 4, 3, 2, 1, 478, 479, 480, 477, 476, 475, 474, 467, 466, 465, 468, 473, 469, 470, 471, 472, 530, 531, 534, 533, 532, 539, 540, 542, 541, 547, 550, 553, 554, 556, 557, 558, 555, 551, 548, 552, 549, 546, 545, 544, 543, 559, 601, 560, 561, 562, 563, 564, 565, 566, 567, 573, 572, 571, 570, 569, 568, 606, 605, 604, 602, 603, 612, 614, 616, 615, 613, 617, 618, 620, 621, 485, 619, 481, 483, 482, 484, 623, 624, 625, 626, 628, 627, 629, 630, 631, 622, 632, 633, 634, 611, 610, 609, 607, 598, 608, 600, 599, 597, 596, 595, 594, 591, 589, 588, 587, 576, 575, 574, 577, 578, 579, 580, 581, 582, 583, 584, 586, 590, 585, 639, 592, 593, 636, 635, 658, 657, 656, 637, 638, 646, 647, 640, 641, 645, 644, 642, 643, 648, 649, 650, 651, 655, 654, 652, 653, 659, 660, 662, 661, 663, 664, 92, 95, 94, 93, 96, 97, 98, 99, 100, 101, 102, 103, 104, 116, 117, 125, 126, 137, 136, 85, 84, 83, 135, 134, 133, 132, 131, 130, 129, 128, 127, 124, 123, 122, 121, 120, 119, 118, 111, 112, 113, 114, 115, 105, 106, 109, 110, 108, 107, 665, 217, 216, 176, 177, 178, 179, 180, 186, 187, 189, 188, 192, 190, 191, 195, 193, 194, 206, 207, 219, 218, 220, 228, 227, 226, 224, 225, 215, 222, 223, 221, 211, 212, 210, 209, 208, 196, 197, 198, 199, 200, 201, 203, 204, 205, 213, 214, 229, 230, 232, 231, 233, 202, 164, 165, 507, 508, 505, 506, 163, 159, 503, 504, 502, 513, 512, 511, 510, 509, 538, 537, 536, 535, 529, 528, 527, 526, 525, 514, 515, 523, 524, 521, 520, 460, 519, 522, 516, 517, 518, 492, 491, 459, 458, 457, 456, 455, 453, 452, 451, 447, 448, 449, 450, 461, 462, 463, 464)","{1: [0, 1, 2, 3, 4], 2: [0, 1, 4], 3: [0, 1], 4: [1, 3], 5: [0, 3], 6: [2]}",11.831901587599713,385621.0,5
12,gr666.tsp,TSPRandomDiversification,LKHImprove_Simple(2-opt),LKHImprove_Complex(5-opt_A50),RefSetFixedDiversity,NaiveTSPCombination,SimpleSubsetGenerator,100,5,5,294486,0.04348446449561419,93.22079447680008,80.81018789138761,7.8,300.2,"(0, 309, 308, 307, 301, 300, 318, 317, 316, 319, 320, 322, 323, 324, 441, 390, 391, 392, 396, 402, 397, 398, 393, 394, 395, 399, 444, 405, 407, 411, 413, 414, 415, 427, 426, 431, 424, 425, 430, 432, 433, 487, 434, 153, 152, 151, 388, 386, 385, 387, 150, 379, 149, 147, 146, 242, 243, 250, 251, 244, 252, 254, 255, 256, 257, 258, 375, 371, 370, 262, 260, 261, 360, 361, 362, 364, 363, 270, 271, 273, 351, 272, 356, 357, 353, 352, 354, 355, 358, 359, 365, 366, 367, 369, 419, 417, 418, 374, 373, 372, 376, 377, 378, 380, 381, 382, 383, 384, 423, 420, 421, 422, 410, 409, 408, 406, 404, 368, 403, 401, 400, 350, 349, 348, 347, 346, 345, 333, 334, 335, 389, 331, 321, 327, 325, 326, 330, 329, 328, 283, 332, 344, 343, 342, 341, 340, 339, 338, 337, 336, 274, 279, 282, 281, 280, 278, 275, 277, 276, 269, 268, 267, 286, 289, 285, 288, 287, 290, 291, 292, 293, 294, 295, 299, 298, 296, 297, 306, 305, 304, 303, 302, 284, 263, 264, 265, 266, 259, 253, 248, 245, 246, 247, 249, 236, 235, 237, 241, 240, 239, 238, 145, 144, 143, 142, 141, 139, 140, 234, 17, 16, 15, 14, 13, 45, 46, 47, 48, 42, 12, 41, 36, 37, 43, 44, 49, 50, 72, 73, 51, 74, 75, 76, 77, 78, 79, 80, 81, 86, 82, 87, 88, 89, 90, 91, 71, 70, 69, 68, 67, 66, 65, 64, 63, 62, 60, 59, 58, 61, 57, 56, 55, 54, 53, 52, 28, 27, 25, 23, 22, 21, 20, 24, 26, 33, 34, 35, 40, 39, 38, 32, 31, 30, 29, 10, 11, 8, 9, 6, 7, 19, 18, 5, 4, 3, 2, 1, 478, 479, 480, 477, 476, 475, 474, 467, 466, 468, 465, 462, 461, 450, 449, 448, 447, 451, 452, 453, 455, 456, 457, 458, 459, 491, 492, 518, 517, 516, 522, 519, 460, 520, 521, 524, 525, 523, 515, 514, 513, 512, 511, 510, 509, 526, 527, 528, 529, 535, 538, 537, 536, 534, 533, 532, 531, 530, 472, 471, 470, 469, 473, 601, 560, 559, 545, 544, 543, 539, 540, 542, 541, 547, 550, 553, 554, 556, 557, 558, 555, 551, 548, 552, 549, 546, 561, 562, 563, 564, 565, 566, 567, 573, 572, 571, 570, 569, 568, 606, 605, 604, 602, 603, 612, 614, 616, 615, 613, 617, 618, 620, 621, 485, 619, 481, 483, 482, 484, 623, 624, 625, 626, 628, 627, 629, 630, 631, 622, 632, 633, 634, 611, 610, 609, 607, 598, 608, 600, 599, 597, 596, 595, 594, 591, 592, 585, 590, 586, 589, 588, 587, 576, 575, 574, 577, 578, 579, 580, 581, 582, 583, 584, 640, 647, 639, 593, 636, 635, 658, 657, 656, 637, 638, 646, 645, 644, 641, 642, 643, 648, 649, 650, 651, 655, 654, 652, 653, 659, 660, 662, 661, 663, 664, 92, 95, 94, 93, 96, 97, 98, 99, 100, 101, 102, 103, 104, 116, 117, 125, 126, 137, 136, 85, 84, 83, 135, 134, 133, 132, 131, 130, 129, 128, 127, 124, 123, 122, 121, 120, 119, 118, 111, 112, 113, 114, 115, 105, 106, 109, 110, 108, 107, 665, 217, 216, 218, 219, 220, 228, 227, 226, 224, 225, 215, 222, 223, 221, 211, 212, 210, 209, 208, 213, 214, 229, 230, 232, 231, 233, 202, 203, 205, 204, 201, 200, 199, 198, 197, 196, 207, 206, 194, 193, 195, 191, 190, 192, 188, 189, 187, 186, 180, 179, 178, 177, 176, 175, 174, 173, 169, 168, 167, 138, 166, 172, 171, 170, 181, 182, 148, 183, 184, 185, 162, 161, 160, 164, 165, 507, 508, 505, 506, 163, 159, 503, 504, 502, 158, 156, 157, 154, 155, 500, 501, 498, 499, 435, 497, 496, 495, 494, 493, 489, 490, 488, 486, 429, 428, 416, 454, 446, 412, 445, 443, 442, 440, 439, 438, 315, 314, 313, 312, 311, 310, 436, 437, 463, 464)","{1: [0, 1, 2, 3, 4], 2: [0], 3: [0, 1, 4], 4: [0, 1, 3, 4], 5: [0], 6: [0, 4], 7: [0, 1], 8: [0, 2], 9: [0], 10: [0, 1], 11: [3]}",21.207829451200087,324837.4,5
